[{"header_covers_slider":"0"},{"is_header_transparent":"0"},{"page_title_spacings[top]":"60px"},{"page_title_spacings[left]":"0px"},{"page_title_spacings[right]":"0px"},{"page_title_spacings[bottom]":"30px"},{"default_header_image[src]":""},{"default_header_image[id]":""},{"header_bg_color":"#272b31"},{"header_font_color":"#f0f0f0"},{"_theme_purchase_code":""},{"logo[src]":""},{"logo[id]":""},{"logo[is_high_dpi]":"0"},{"logo_dims[width]":""},{"logo_dims[height]":""},{"logo_pos":"left"},{"logo_margins[top]":"14px"},{"logo_margins[left]":"0px"},{"logo_margins[right]":"0px"},{"logo_margins[bottom]":"14px"},{"mobile_logo[src]":""},{"mobile_logo[id]":""},{"mobile_logo[is_high_dpi]":"0"},{"menu_stick":"0"},{"menu_stick":"1"},{"sticky_logo[src]":""},{"sticky_logo[id]":""},{"sticky_logo[is_high_dpi]":"0"},{"menu_pos":"right"},{"sandwich_menu":"0"},{"enable_top_panel":"0"},{"top_panel_text":""},{"is_top_panel_transparent":"0"},{"footer_sb":"footer_area"},{"footer_bg_color":"#2d3339"},{"footer_font_color":"#b0b0b0"},{"footer_title_color":"#ffffff"},{"copyrights_text":""},{"copyrights_bg_color":"#23272c"},{"copyrights_font_color":"#ffffff"},{"boxed_layout":"0"},{"home_slider_type":"img_slider"},{"home_slider_shortcode":"[rev_slider alias=\"general\"]"},{"video_section[slider_switch]":"0"},{"video_section[slider_shortcode]":""},{"video_section[set_video_header_height]":"0"},{"video_section[video_header_height]":"600"},{"video_section[video_type]":"self_hosted"},{"video_section[sh_source][src]":""},{"video_section[sh_source][id]":""},{"video_section[youtube_source]":""},{"video_section[vimeo_source]":""},{"video_section[use_pattern]":"0"},{"video_section[pattern_image][src]":""},{"video_section[pattern_image][id]":""},{"video_section[overlay_type]":"none"},{"video_section[overlay_color]":""},{"video_section[overlay_opacity]":"40"},{"video_section[overlay_gradient_settings][first_color]":""},{"video_section[overlay_gradient_settings][second_color]":""},{"video_section[overlay_gradient_settings][type]":"linear"},{"video_section[overlay_gradient_settings][angle]":"45"},{"video_section[overlay_gradient_settings][shape_settings]":"simple"},{"video_section[overlay_gradient_settings][shape]":"ellipse"},{"video_section[overlay_gradient_settings][size_keyword]":"farthest-corner"},{"video_section[overlay_gradient_settings][size]":""},{"static_img_section[static_img][src]":""},{"static_img_section[static_img][id]":""},{"def-home-layout":"none"},{"def-home-sidebar1":""},{"def-home-sidebar2":""},{"def-page-layout":"none"},{"def-page-sidebar1":""},{"def-page-sidebar2":""},{"def-blog-layout":"none"},{"def-blog-sidebar1":""},{"def-blog-sidebar2":""},{"def_blog_layout":"medium"},{"def_cws_portfolio_layout":"1"},{"def_cws_portfolio_data_to_show[]":"title"},{"def_cws_portfolio_data_to_show[]":"excerpt"},{"def_cws_portfolio_data_to_show[]":"cats"},{"portfolio_slug":"portfolio"},{"def_cws_staff_layout":"2"},{"staff_slug":"staff"},{"theme_color":"#f27c66"},{"theme_2_color":"#f9cb8f"},{"theme_3_color":"#18bb7c"},{"menu_font[font-family]":"Raleway"},{"menu_font[font-weight][]":"500"},{"menu_font[font-sub][]":"latin"},{"menu_font[font-type]":""},{"menu_font[color]":"#5f5f5f"},{"menu_font[font-size]":"14px"},{"menu_font[line-height]":"36px"},{"header_font[font-family]":"Merriweather"},{"header_font[font-weight][]":"300"},{"header_font[font-weight][]":"700"},{"header_font[font-sub][]":"latin"},{"header_font[font-type]":""},{"header_font[color]":"#333333"},{"header_font[font-size]":"28px"},{"header_font[line-height]":"39px"},{"body_font[font-family]":"Raleway"},{"body_font[font-weight][]":"300"},{"body_font[font-weight][]":"500"},{"body_font[font-weight][]":"600"},{"body_font[font-sub][]":"latin"},{"body_font[font-type]":""},{"body_font[color]":"#545454"},{"body_font[font-size]":"15px"},{"body_font[line-height]":"24px"},{"social_location":"both"},{"_theme_purchase_code":""},{"woo_cart_enable":"0"},{"woo_cart_enable":"1"},{"woo_sb_layout":"right"},{"woo_sidebar":""},{"woo_num_products":"12"},{"woo_related_num_products":"4"}]