<wpml-config>
    <custom-fields>
        <custom-field action="translate">title</custom-field>
        <custom-field action="translate">description</custom-field>
        <custom-field action="translate">keywords</custom-field>
        <custom-field action="ignore">_edit_last</custom-field>
        <custom-field action="ignore">_edit_lock</custom-field>
        <custom-field action="ignore">_wp_page_template</custom-field>
        <custom-field action="ignore">_wp_attachment_metadata</custom-field>
        <custom-field action="ignore">original_post_id</custom-field>
        <custom-field action="ignore">_wpml_original_post_id</custom-field>
        <custom-field action="ignore">_wp_old_slug</custom-field>
        <custom-field action="ignore">_icl_translator_note</custom-field>
        <custom-field action="ignore">_alp_processed</custom-field>
        <custom-field action="ignore">_pingme</custom-field>
        <custom-field action="ignore">_encloseme</custom-field>
        <custom-field action="ignore">_icl_lang_duplicate_of</custom-field>
        <custom-field action="ignore">_thumbnail_id</custom-field>
        <custom-field action="ignore">_wp_attached_file</custom-field>
    </custom-fields>
    <language-switcher-settings>
        <key name="link_empty">0</key>
        <key name="icl_lang_sel_footer_config">         
            <key name="background">#2d3339</key>
            <key name="font-current-normal">#ffffff</key>
            <key name="font-current-hover">#ffffff</key>
            <key name="background-current-normal">#2d3339</key>
            <key name="background-current-hover">#292c2f</key>
            <key name="font-other-normal">#ffffff</key>
            <key name="font-other-hover">#ffffff</key>
            <key name="background-other-normal">#2d3339</key>
            <key name="background-other-hover">#292c2f</key>
            <key name="border">#2d3339</key>
        </key>       
        <key name="icl_lang_sel_config">
            <key name="background">#4bbcd7</key>
            <key name="border">#ffffff</key>
            <key name="font-current-normal">#ffffff</key>
            <key name="font-current-hover">#ffffff</key>
            <key name="background-current-normal">#4bbcd7</key>
            <key name="background-current-hover">#50b4cc</key>
            <key name="font-other-normal">#ffffff</key>
            <key name="font-other-hover">#ffffff</key>
            <key name="background-other-normal">#4bbcd7</key>
            <key name="background-other-hover">#50b4cc</key>
        </key> 
        <key name="icl_language_switcher_sidebar">0</key>  
        <key name="icl_widget_title_show">0</key>
        <key name="icl_lang_sel_type">dropdown</key>
        <key name="icl_lso_link_empty">0</key>
        <key name="icl_lso_flags">1</key>
        <key name="icl_lso_native_lang">1</key>
        <key name="icl_lso_display_lang">0</key>
        <key name="icl_lang_sel_footer">0</key>
        <key name="icl_post_availability">0</key>
        <key name="icl_post_availability_position">below</key>
    </language-switcher-settings>
</wpml-config>
